{
    "Laptops": [
        {
          "name": "Lenovo Lenovo IdeaPad Slim 3 Intel Core i3 11th Gen - (8 GB/256 GB SSD/Windows 11 Home) 15ITL05 Thin a...",
          "brand": "Lenovo",
          "current_price": 33990,
          "original_price": 48490,
          "rating": 4.8,
          "rating_count": 43678,
          "thumbnail": "https://rukminim1.flixcart.com/image/312/312/xif0q/computer/6/t/7/15itl05-thin-and-light-laptop-lenovo-original-imagheh5nvy6gq9k.jpeg?q=70",
          "query_url": "https://flipkart.dvishal485.workers.dev/product/lenovo-ideapad-slim-3-intel-core-i3-11th-gen-8-gb-256-gb-ssd-windows-11-home-15itl05-thin-light-laptop/p/itmfeceb3575a35f",
          "id": 1
        },
        {
          "name": "Lenovo IdeaPad 3 Core i3 11th Gen - (8 GB/256 GB SSD/Windows 11 Home) 14ITL05 Thin and Light Laptop",
          "brand": "Lenovo",
          "current_price": 33890,
          "original_price": 60890,
          "rating": 4.2,
          "rating_count": 608896,
          "thumbnail": "https://rukminim1.flixcart.com/image/312/312/keaaavk0/computer/c/q/t/lenovo-na-thin-and-light-laptop-original-imafuzt873zgp9xe.jpeg?q=70",
          "query_url": "https://flipkart.dvishal485.workers.dev/product/lenovo-ideapad-3-core-i3-11th-gen-8-gb-256-gb-ssd-windows-11-home-14itl05-thin-light-laptop/p/itme5d4463121c64",
          "id": 2
        },
        {
          "name": "ASUS TUF Gaming F15 Core i5 10th Gen - (8 GB/512 GB SSD/Windows 11 Home/4 GB Graphics/NVIDIA GeForce G...",
          "brand": "ASUS",
          "current_price": 49990,
          "original_price": 70990,
          "rating": 4.6,
          "rating_count": 70958,
          "thumbnail": "https://rukminim1.flixcart.com/image/312/312/l3rmzrk0/computer/s/z/r/-original-imagetgzg4pgszmt.jpeg?q=70",
          "query_url": "https://flipkart.dvishal485.workers.dev/product/asus-tuf-gaming-f15-core-i5-10th-gen-8-gb-512-gb-ssd-windows-11-home-4-graphics-nvidia-geforce-gtx-1650-144-hz-fx506lhb-hn358w-laptop/p/itm4d930ab779cbd",
          "id": 3
        },
        {
          "name": "APPLE 2020 Macbook Air M1 - (8 GB/256 GB SSD/Mac OS Big Sur) MGN63HN/A",
          "brand": "APPLE",
          "current_price": 86990,
          "original_price": 99900,
          "rating": 4.7,
          "rating_count": 79479,
          "thumbnail": "https://rukminim1.flixcart.com/image/312/312/kp5sya80/screen-guard/tempered-glass/o/v/n/apple-macbook-air-m1-13-3-inch-lightwings-original-imag3gh5xftgbpg3.jpeg?q=70",
          "query_url": "https://flipkart.dvishal485.workers.dev/product/apple-2020-macbook-air-m1-8-gb-256-gb-ssd-mac-os-big-sur-mgn63hn-a/p/itmde54f026889ce",
          "id": 4
        },
        {
          "name": "ASUS VivoBook 15 (2022) Core i3 10th Gen - (8 GB/512 GB SSD/Windows 11 Home) X515JA-EJ362WS | X515JA-E...",
          "brand": "ASUS.",
          "current_price": 33990,
          "original_price": 45990,
          "rating": 4.8,
          "rating_count": 89953,
          "thumbnail": "https://rukminim1.flixcart.com/image/312/312/xif0q/computer/e/1/7/-original-imag3ebnzawky4kn.jpeg?q=70",
          "query_url": "https://flipkart.dvishal485.workers.dev/product/asus-vivobook-15-2022-core-i3-10th-gen-8-gb-512-gb-ssd-windows-11-home-x515ja-ej362ws-x515ja-ej392ws-x515ja-ej382ws-thin-light-laptop/p/itm8e0e9c901e006",
          "id": 5
        },
        {
          "name": "Lenovo Athlon Dual Core - (4 GB/256 GB SSD/DOS) E41-55 45-2 Laptop",
          "brand": "Lenovo",
          "current_price": 18990,
          "original_price": 38000,
          "rating": 3.8,
          "rating_count": 79435,
          "thumbnail": "https://rukminim1.flixcart.com/image/312/312/xif0q/computer/g/w/y/-original-imagmuhrzbmzwnee.jpeg?q=70",
          "query_url": "https://flipkart.dvishal485.workers.dev/product/lenovo-athlon-dual-core-4-gb-256-gb-ssd-dos-e41-55-45-2-laptop/p/itm3a9379e2f6ee9",
          "id": 6
        },
        {
          "name": "RedmiBook Pro Core i5 11th Gen - (8 GB/512 GB SSD/Windows 11 Home) Thin and Light Laptop",
          "brand": "Redmi",
          "current_price": 38990,
          "original_price": 59999,
          "rating": 4.2,
          "rating_count": 47945,
          "thumbnail": "https://rukminim1.flixcart.com/image/312/312/kuwzssw0/computer/x/l/a/redmibook-15-pro-thin-and-light-laptop-redmi-original-imag7xhnakyazyma.jpeg?q=70",
          "query_url": "https://flipkart.dvishal485.workers.dev/product/redmibook-pro-core-i5-11th-gen-8-gb-512-gb-ssd-windows-11-home-thin-light-laptop/p/itm436427e982703",
          "id": 7
        },
        {
          "name": "Lenovo Lenovo IdeaPad Slim 3 Intel Core i3 11th Gen - (8 GB/512 GB SSD/Windows 11 Home) 81X800J3IN | 8...",
          "brand": "Lenovo",
          "current_price": 37000,
          "original_price": 59890,
          "rating": 4.7,
          "rating_count": 89474,
          "thumbnail": "https://rukminim1.flixcart.com/image/312/312/keaaavk0/computer/x/m/y/lenovo-na-laptop-original-imafuzt8r5jqppfn.jpeg?q=70",
          "query_url": "https://flipkart.dvishal485.workers.dev/product/lenovo-ideapad-slim-3-intel-core-i3-11th-gen-8-gb-512-gb-ssd-windows-11-home-81x800j3in-81x800lgin-thin-light-laptop/p/itm1c6de69e1069c",
          "id": 8
        },
        {
          "name": "Lenovo V15 G2 Core i3 11th Gen - (8 GB/512 GB SSD/Windows 11 Home) V15 ITL G2 Laptop",
          "brand": "Lenovo",
          "current_price": 33999,
          "original_price": 59760,
          "rating": 4.1,
          "rating_count": 93729,
          "thumbnail": "https://rukminim1.flixcart.com/image/312/312/xif0q/computer/d/t/c/v15-g2-alc-laptop-lenovo-original-imaghq2ffspmtfuh.jpeg?q=70",
          "query_url": "https://flipkart.dvishal485.workers.dev/product/lenovo-v15-g2-core-i3-11th-gen-8-gb-512-gb-ssd-windows-11-home-itl-laptop/p/itmaf2c39ebc5889",
          "id": 9
        },
        {
          "name": "ASUS VivoBook 14 (2021) Celeron Dual Core - (4 GB/256 GB SSD/Windows 11 Home) X415MA-BV011W Thin and L...",
          "brand": "ASUS",
          "current_price": 23990,
          "original_price": 33990,
          "rating": 4.3,
          "rating_count": 47748,
          "thumbnail": "https://rukminim1.flixcart.com/image/312/312/l2m78280/computer/z/e/f/-original-imagdx9szs8xz2rk.jpeg?q=70",
          "query_url": "https://flipkart.dvishal485.workers.dev/product/asus-vivobook-14-2021-celeron-dual-core-4-gb-256-gb-ssd-windows-11-home-x415ma-bv011w-thin-light-laptop/p/itm8f9bebd99f5c0",
          "id": 10
        },
        {
          "name": "MSI Bravo 15 Ryzen 5 Hexa Core AMD R5-5600H - (8 GB/512 GB SSD/Windows 11 Home/4 GB Graphics/AMD Radeo...",
          "brand": "MSI",
          "current_price": 47990,
          "original_price": 72990,
          "rating": 4.7,
          "rating_count": 48938,
          "thumbnail": "https://rukminim1.flixcart.com/image/312/312/xif0q/computer/7/3/l/-original-imagha3pvvc2xuz2.jpeg?q=70",
          "query_url": "https://flipkart.dvishal485.workers.dev/product/msi-bravo-15-ryzen-5-hexa-core-amd-r5-5600h-8-gb-512-gb-ssd-windows-11-home-4-graphics-amd-radeon-rx-5500m-144-hz-b5dd-410in-gaming-laptop/p/itm12cedc4da03bc",
          "id": 11
        },
        {
          "name": "Lenovo IdeaPad 3 Core i3 11th Gen - (8 GB/512 GB SSD/Windows 11 Home) 82H801L7IN | 82H802FJIN | 82H802...",
          "brand": "Lenovo",
          "current_price": 38699,
          "original_price": 59390,
          "rating": 3.5,
          "rating_count": 479398,
          "thumbnail": "https://rukminim1.flixcart.com/image/312/312/kruyw7k0/computer/f/i/u/na-thin-and-light-laptop-lenovo-original-imag5jy6fsm2yx4q.jpeg?q=70",
          "query_url": "https://flipkart.dvishal485.workers.dev/product/lenovo-ideapad-3-core-i3-11th-gen-8-gb-512-gb-ssd-windows-11-home-82h801l7in-82h802fjin-82h802l3in-82h801lhin-thin-light-laptop/p/itm0e009f57a591b",
          "id": 12
        },
        {
          "name": "ASUS Core i7 11th Gen - (16 GB/512 GB SSD/Windows 11 Home) X515EA-EJ701WS Thin and Light Laptop",
          "brand": "ASUS",
          "current_price": 56990,
          "original_price": 80990,
          "rating": 3.2,
          "rating_count": 59809,
          "thumbnail": "https://rukminim1.flixcart.com/image/312/312/xif0q/computer/m/q/o/-original-imag7wjdg4dvcdya.jpeg?q=70",
          "query_url": "https://flipkart.dvishal485.workers.dev/product/asus-core-i7-11th-gen-16-gb-512-gb-ssd-windows-11-home-x515ea-ej701ws-thin-light-laptop/p/itmb91512fec2b91",
          "id": 13
        },
        {
          "name": "DELL Vostro Core i3 11th Gen - (8 GB/1 TB HDD/256 GB SSD/Windows 11 Home) Vostro 3510 Thin and Light L...",
          "brand": "DELL",
          "current_price": 39990,
          "original_price": 58489,
          "rating": 3.7,
          "rating_count": 84889,
          "thumbnail": "https://rukminim1.flixcart.com/image/312/312/xif0q/computer/x/o/u/-original-imaghkk994ybh4fh.jpeg?q=70",
          "query_url": "https://flipkart.dvishal485.workers.dev/product/dell-vostro-core-i3-11th-gen-8-gb-1-tb-hdd-256-gb-ssd-windows-11-home-3510-thin-light-laptop/p/itm94af7689e9e9a",
          "id": 14
        },
        {
          "name": "realme Book (Slim) Core i3 11th Gen - (8 GB/256 GB SSD/Windows 10 Home) RMNB1001 Thin and Light Laptop",
          "brand": "realme",
          "current_price": 36990,
          "original_price": 54999,
          "rating": 4.3,
          "rating_count": 48737,
          "thumbnail": "https://rukminim1.flixcart.com/image/312/312/ksez24w0/computer/h/8/9/rmnb1001-thin-and-light-laptop-realme-original-imag5zhgcstmjbxg.jpeg?q=70",
          "query_url": "https://flipkart.dvishal485.workers.dev/product/realme-book-slim-core-i3-11th-gen-8-gb-256-gb-ssd-windows-10-home-rmnb1001-thin-light-laptop/p/itm7109ffde0b2cc",
          "id": 15
        },
        {
          "name": "Lenovo Lenovo IdeaPad Slim 3 Intel Core i5 11th Gen - (16 GB/512 GB SSD/Windows 11 Home) 15ITL6 Thin a...",
          "brand": "Lenovo",
          "current_price": 52890,
          "original_price": 80290,
          "rating": 4.4,
          "rating_count": 89485,
          "thumbnail": "https://rukminim1.flixcart.com/image/312/312/xif0q/computer/1/b/0/15itl6-thin-and-light-laptop-lenovo-original-imagkwgzafjp33es.jpeg?q=70",
          "query_url": "https://flipkart.dvishal485.workers.dev/product/lenovo-ideapad-slim-3-intel-core-i5-11th-gen-16-gb-512-gb-ssd-windows-11-home-15itl6-thin-light-laptop/p/itm3a8a423a53c02",
          "id": 16
        },
        {
          "name": "HP 14s Intel Core i3 11th Gen - (8 GB/256 GB SSD/Windows 11 Home) 14s - dy2507TU Thin and Light Laptop",
          "brand": "HP",
          "current_price": 37990,
          "original_price": 47206,
          "rating": 4.1,
          "rating_count": 94774,
          "thumbnail": "https://rukminim1.flixcart.com/image/312/312/l5h2xe80/computer/h/i/p/14s-dy5005tu-thin-and-light-laptop-hp-original-imagg4rc7n75zqkp.jpeg?q=70",
          "query_url": "https://flipkart.dvishal485.workers.dev/product/hp-14s-intel-core-i3-11th-gen-8-gb-256-gb-ssd-windows-11-home-dy2507tu-thin-light-laptop/p/itm183e95bd1f23b",
          "id": 17
        },
        {
          "name": "acer Aspire 3 Ryzen 3 Dual Core 3250U - (8 GB/256 GB SSD/Windows 11 Home) A315-23 Laptop",
          "brand": "acer",
          "current_price": 26990,
          "original_price": 42999,
          "rating": 4.5,
          "rating_count": 74379,
          "thumbnail": "https://rukminim1.flixcart.com/image/312/312/xif0q/computer/q/0/8/-original-imagkgr3wcfexyd8.jpeg?q=70",
          "query_url": "https://flipkart.dvishal485.workers.dev/product/acer-aspire-3-ryzen-dual-core-3250u-8-gb-256-gb-ssd-windows-11-home-a315-23-laptop/p/itm6961e2f1ddc21",
          "id": 18
        },
        {
          "name": "ASUS Vivobook 15 Core i3 11th Gen - (8 GB/512 GB SSD/Windows 11 Home) X515EA-EJ322WS Thin and Light La...",
          "brand": "ASUS",
          "current_price": 37990,
          "original_price": 50990,
          "rating": 4.4,
          "rating_count": 4,
          "thumbnail": "https://rukminim1.flixcart.com/image/312/312/xif0q/computer/o/t/h/-original-imagg6t9pauha4t7.jpeg?q=70",
          "query_url": "https://flipkart.dvishal485.workers.dev/product/asus-vivobook-15-core-i3-11th-gen-8-gb-512-gb-ssd-windows-11-home-x515ea-ej322ws-thin-light-laptop/p/itmc6461360364e0",
          "id": 19
        },
        {
          "name": "Lenovo IdeaPad 3 Core i5 12th Gen - (8 GB/512 GB SSD/Windows 11 Home) 15IAU7 Thin and Light Laptop",
          "brand": "Lenovo",
          "current_price": 56049,
          "original_price": 76890,
          "rating": 4.7,
          "rating_count": 54764,
          "thumbnail": "https://rukminim1.flixcart.com/image/312/312/xif0q/computer/a/c/3/-original-imagg56h9gat842s.jpeg?q=70",
          "query_url": "https://flipkart.dvishal485.workers.dev/product/lenovo-ideapad-3-core-i5-12th-gen-8-gb-512-gb-ssd-windows-11-home-15iau7-thin-light-laptop/p/itm496ac469abb9e",
          "id": 20
        },
        {
          "name": "HP Intel Core i5 11th Gen - (8 GB/512 GB SSD/Windows 11 Home) 15s- fr4000TU Thin and Light Laptop",
          "brand": "HP",
          "current_price": 52990,
          "original_price": 56903,
          "rating": 4.3,
          "rating_count": 89498,
          "thumbnail": "https://rukminim1.flixcart.com/image/312/312/xif0q/computer/k/b/8/15s-fr4000tu-thin-and-light-laptop-hp-original-imaghrcwmt7v5svk.jpeg?q=70",
          "query_url": "https://flipkart.dvishal485.workers.dev/product/hp-intel-core-i5-11th-gen-8-gb-512-gb-ssd-windows-11-home-15s-fr4000tu-thin-light-laptop/p/itm7fbaaf16c90f1",
          "id": 21
        },
        {
          "name": "HP Ryzen 5 Hexa Core 5500U - (16 GB/512 GB SSD/Windows 11 Home) 15s- eq2182AU Thin and Light Laptop",
          "brand": "HP",
          "current_price": 49123,
          "original_price": 59108,
          "rating": 4.5,
          "rating_count": 97347,
          "thumbnail": "https://rukminim1.flixcart.com/image/312/312/xif0q/computer/5/6/i/-original-imaggshd5zgfe8ev.jpeg?q=70",
          "query_url": "https://flipkart.dvishal485.workers.dev/product/hp-ryzen-5-hexa-core-5500u-16-gb-512-gb-ssd-windows-11-home-15s-eq2182au-thin-light-laptop/p/itm09b322c037285",
          "id": 22
        },
        {
          "name": "HP Ryzen 3 Quad Core 5300U - (8 GB/512 GB SSD/Windows 11 Home) 15s-eq2143au Thin and Light Laptop",
          "brand": "HP",
          "current_price": 38990,
          "original_price": 45991,
          "rating": 4.7,
          "rating_count": 47939,
          "thumbnail": "https://rukminim1.flixcart.com/image/312/312/xif0q/computer/5/6/i/-original-imaggshd5zgfe8ev.jpeg?q=70",
          "query_url": "https://flipkart.dvishal485.workers.dev/product/hp-ryzen-3-quad-core-5300u-8-gb-512-gb-ssd-windows-11-home-15s-eq2143au-thin-light-laptop/p/itm833bca55e158b",
          "id": 23
        },
        {
          "name": "Lenovo IdeaPad 3 Ryzen 5 Hexa Core 5500U - (8 GB/512 GB SSD/Windows 11 Home) 15ALC6 Thin and Light Lap...",
          "brand": "Lenovo",
          "current_price": 47039,
          "original_price": 68490,
          "rating": 3.6,
          "rating_count": 57498,
          "thumbnail": "https://rukminim1.flixcart.com/image/312/312/xif0q/computer/2/3/5/-original-imagg5hhjunrv4e4.jpeg?q=70",
          "query_url": "https://flipkart.dvishal485.workers.dev/product/lenovo-ideapad-3-ryzen-5-hexa-core-5500u-8-gb-512-gb-ssd-windows-11-home-15alc6-thin-light-laptop/p/itm790def6ef6b6f",
          "id": 24
        }
      ],
      "Mobiles": [
        {
          "name": "Infinix HOT 20 Play (Luna Blue, 64 GB)",
          "brand": "Infinix",
          "current_price": 8199,
          "original_price": 11999,
          "rating": 4.4,
          "rating_count": 4412,
          "thumbnail": "https://rukminim1.flixcart.com/image/312/312/xif0q/mobile/b/o/e/-original-imagkgrxzahq3egj.jpeg?q=70",
          "query_url": "https://flipkart.dvishal485.workers.dev/product/infinix-hot-20-play-luna-blue-64-gb/p/itm1e6903eb0203e",
          "id": 1
        },
        {
          "name": "Infinix HOT 20 Play (Racing Black, 64 GB)",
          "brand": "Infinix",
          "current_price": 8199,
          "original_price": 11999,
          "rating": 4.4,
          "rating_count": 4678,
          "thumbnail": "https://rukminim1.flixcart.com/image/312/312/xif0q/mobile/p/f/u/-original-imagkgrxdsqpdznh.jpeg?q=70",
          "query_url": "https://flipkart.dvishal485.workers.dev/product/infinix-hot-20-play-racing-black-64-gb/p/itm1e6903eb0203e",
          "id": 2
        },
        {
          "name": "POCO C31",
          "brand": "POCO",
          "current_price": 7499,
          "original_price": 11999,
          "rating": 4.3,
          "rating_count": 4,
          "thumbnail": "https://rukminim1.flixcart.com/image/312/312/ku4ezrk0/mobile/b/o/m/c31-mzb0a0min-poco-original-imag7bzqxekkpkrv.jpeg?q=70",
          "query_url": "https://flipkart.dvishal485.workers.dev/product/poco-c31-shadow-gray-64-gb/p/itm162375acb8370",
          "id": 3
        },
        {
          "name": "Cellecor E8 Plus",
          "brand": "Cellecor",
          "current_price": 1469,
          "original_price": 1569,
          "rating": 3.6,
          "rating_count": 333,
          "thumbnail": "https://rukminim1.flixcart.com/image/312/312/xif0q/mobile/i/4/d/e8-e8-cellecor-original-imaggsrcyhnhj6tv.jpeg?q=70",
          "query_url": "https://flipkart.dvishal485.workers.dev/product/cellecor-e8-plus/p/itm5fa220530d475",
          "id": 4
        },
        {
          "name": "Infinix HOT 20 Play (Aurora Green, 64 GB)",
          "brand": "Infinix",
          "current_price": 8199,
          "original_price": 11999,
          "rating": 4.4,
          "rating_count": 1345,
          "thumbnail": "https://rukminim1.flixcart.com/image/312/312/xif0q/mobile/s/b/e/-original-imagkgrxdzzjuguw.jpeg?q=70",
          "query_url": "https://flipkart.dvishal485.workers.dev/product/infinix-hot-20-play-aurora-green-64-gb/p/itm1e6903eb0203e",
          "id": 6
        },
        {
          "name": "REDMI 10 (Caribbean Green, 64 GB)",
          "brand": "REDMI",
          "current_price": 9299,
          "original_price": 14999,
          "rating": 4,
          "rating_count": 4.3,
          "thumbnail": "https://rukminim1.flixcart.com/image/312/312/xif0q/mobile/g/p/x/-original-imagk4nz54s7a7rf.jpeg?q=70",
          "query_url": "https://flipkart.dvishal485.workers.dev/product/redmi-10-caribbean-green-64-gb/p/itmbfb8dfcdd6e10",
          "id": 7
        },
        {
          "name": "MOTOROLA G62 5G (Midnight Gray, 128 GB)",
          "brand": "MOTOROLA",
          "current_price": 15999,
          "original_price": 24999,
          "rating": 4.1,
          "rating_count": 3213,
          "thumbnail": "https://rukminim1.flixcart.com/image/312/312/xif0q/mobile/h/r/b/-original-imagh29eqd3zrvaf.jpeg?q=70",
          "query_url": "https://flipkart.dvishal485.workers.dev/product/motorola-g62-5g-midnight-gray-128-gb/p/itm88e51821facb9",
          "id": 8
        },
        {
          "name": "APPLE iPhone 11 (White, 128 GB)",
          "brand": "APPLE",
          "current_price": 46999,
          "original_price": 48900,
          "rating": 4.7,
          "rating_count": 1116,
          "thumbnail": "https://rukminim1.flixcart.com/image/312/312/k2jbyq80pkrrdj/mobile-refurbished/k/y/d/iphone-11-256-u-mwm82hn-a-apple-0-original-imafkg25mhaztxns.jpeg?q=70",
          "query_url": "https://flipkart.dvishal485.workers.dev/product/apple-iphone-11-white-128-gb/p/itme32df47ea6742",
          "id": 9
        },
        {
          "name": "vivo T1 44W (Starry Sky, 128 GB)",
          "brand": "vivo",
          "current_price": 14499,
          "original_price": 19990,
          "rating": 3.9,
          "rating_count": 1264,
          "thumbnail": "https://rukminim1.flixcart.com/image/312/312/l2p23rk0/mobile/s/4/3/-original-imagdznhcbdfwfud.jpeg?q=70",
          "query_url": "https://flipkart.dvishal485.workers.dev/product/vivo-t1-44w-starry-sky-128-gb/p/itm2a08ebbea3689",
          "id": 10
        },
        {
          "name": "REDMI 10 (Midnight Black, 64 GB)",
          "brand": "REDMI",
          "current_price": 9299,
          "original_price": 14999,
          "rating": 4.1,
          "rating_count": 3008,
          "thumbnail": "https://rukminim1.flixcart.com/image/312/312/xif0q/mobile/9/q/j/-original-imagk4nzwhudqhcz.jpeg?q=70",
          "query_url": "https://flipkart.dvishal485.workers.dev/product/redmi-10-midnight-black-64-gb/p/itmd93641e4ebb47",
          "id": 11
        },
        {
          "name": "vivo T1 44W (Midnight Galaxy, 128 GB)",
          "brand": "vivo",
          "current_price": 15999,
          "original_price": 20990,
          "rating": 3.7,
          "rating_count": 9761,
          "thumbnail": "https://rukminim1.flixcart.com/image/312/312/l2p23rk0/mobile/x/b/y/-original-imagdznhnzmzfbwx.jpeg?q=70",
          "query_url": "https://flipkart.dvishal485.workers.dev/product/vivo-t1-44w-midnight-galaxy-128-gb/p/itm2a08ebbea3689",
          "id": 12
        },
        {
          "name": "MOTOROLA g52 (Charcoal Grey, 128 GB)",
          "brand": "MOTOROLA",
          "current_price": 12999,
          "original_price": 19999,
          "rating": 4.2,
          "rating_count": 1643,
          "thumbnail": "https://rukminim1.flixcart.com/image/312/312/l29c9e80/mobile/l/g/m/-original-imagdnefhnhztahe.jpeg?q=70",
          "query_url": "https://flipkart.dvishal485.workers.dev/product/motorola-g52-charcoal-grey-128-gb/p/itmea9ebe003e26c",
          "id": 13
        },
        {
          "name": "MOTOROLA g52 (Charcoal Grey, 64 GB)",
          "brand": "MOTOROLA",
          "current_price": 10999,
          "original_price": 17999,
          "rating": 4.2,
          "rating_count": 6786,
          "thumbnail": "https://rukminim1.flixcart.com/image/312/312/l29c9e80/mobile/l/g/m/-original-imagdnefhnhztahe.jpeg?q=70",
          "query_url": "https://flipkart.dvishal485.workers.dev/product/motorola-g52-charcoal-grey-64-gb/p/itm8a96aeaed01c9",
          "id": 14
        },
        {
          "name": "vivo T1 44W (Midnight Galaxy, 128 GB)",
          "brand": "vivo",
          "current_price": 14499,
          "original_price": 19990,
          "rating": 3.1,
          "rating_count": 1032,
          "thumbnail": "https://rukminim1.flixcart.com/image/312/312/l2p23rk0/mobile/x/b/y/-original-imagdznhnzmzfbwx.jpeg?q=70",
          "query_url": "https://flipkart.dvishal485.workers.dev/product/vivo-t1-44w-midnight-galaxy-128-gb/p/itm2a08ebbea3689",
          "id": 15
        },
        {
          "name": "MOTOROLA G62 5G (Frosted Blue, 128 GB)",
          "brand": "MOTOROLA",
          "current_price": 15999,
          "original_price": 24999,
          "rating": 4.7,
          "rating_count": 8546,
          "thumbnail": "https://rukminim1.flixcart.com/image/312/312/xif0q/mobile/t/6/g/-original-imagh29eknx3cavh.jpeg?q=70",
          "query_url": "https://flipkart.dvishal485.workers.dev/product/motorola-g62-5g-frosted-blue-128-gb/p/itm914ff5c9b9aaf",
          "id": 16
        },
        {
          "name": "POCO M4 Pro (Cool Blue, 64 GB)",
          "brand": "POCO",
          "current_price": 11999,
          "original_price": 17999,
          "rating": 4.2,
          "rating_count": 6942,
          "thumbnail": "https://rukminim1.flixcart.com/image/312/312/l0fm07k0/mobile/8/9/n/-original-imagc7tmhcbrarpk.jpeg?q=70",
          "query_url": "https://flipkart.dvishal485.workers.dev/product/poco-m4-pro-cool-blue-64-gb/p/itmeded809cd6117",
          "id": 17
        },
        {
          "name": "SAMSUNG Galaxy F13 (Waterfall Blue, 64 GB)",
          "brand": "SAMSUNG",
          "current_price": 11099,
          "original_price": 14999,
          "rating": 4.2,
          "rating_count": 2965,
          "thumbnail": "https://rukminim1.flixcart.com/image/312/312/xif0q/mobile/0/8/4/-original-imagfhu75eupxyft.jpeg?q=70",
          "query_url": "https://flipkart.dvishal485.workers.dev/product/samsung-galaxy-f13-waterfall-blue-64-gb/p/itm583ef432b2b0c",
          "id": 18
        },
        {
          "name": "POCO C31 (Shadow Gray, 32 GB)",
          "brand": "POCO",
          "current_price": 6499,
          "original_price": 10999,
          "rating": 4.1,
          "rating_count": 2563,
          "thumbnail": "https://rukminim1.flixcart.com/image/312/312/ku4ezrk0/mobile/b/o/m/c31-mzb0a0min-poco-original-imag7bzqxekkpkrv.jpeg?q=70",
          "query_url": "https://flipkart.dvishal485.workers.dev/product/poco-c31-shadow-gray-32-gb/p/itmffefb8bb085e3",
          "id": 19
        },
        {
          "name": "MOTOROLA G62 5G (Frosted Blue, 128 GB)",
          "brand": "MOTOROLA",
          "current_price": 14999,
          "original_price": 21999,
          "rating": 3,
          "rating_count": 3721,
          "thumbnail": "https://rukminim1.flixcart.com/image/312/312/xif0q/mobile/t/6/g/-original-imagh29eknx3cavh.jpeg?q=70",
          "query_url": "https://flipkart.dvishal485.workers.dev/product/motorola-g62-5g-frosted-blue-128-gb/p/itm556a0153d9a10",
          "id": 20
        },
        {
          "name": "vivo T1 44W (Midnight Galaxy, 128 GB)",
          "brand": "vivo",
          "current_price": 17999,
          "original_price": 23990,
          "rating": 3.4,
          "rating_count": 4,
          "thumbnail": "https://rukminim1.flixcart.com/image/312/312/l2p23rk0/mobile/x/b/y/-original-imagdznhnzmzfbwx.jpeg?q=70",
          "query_url": "https://flipkart.dvishal485.workers.dev/product/vivo-t1-44w-midnight-galaxy-128-gb/p/itm2a08ebbea3689",
          "id": 21
        },
        {
          "name": "POCO C31 (Royal Blue, 64 GB)",
          "brand": "POCO",
          "current_price": 7499,
          "original_price": 11999,
          "rating": 4.7,
          "rating_count": 4832,
          "thumbnail": "https://rukminim1.flixcart.com/image/312/312/ku4ezrk0/mobile/p/e/4/c31-mzb0a0jin-poco-original-imag7bzqxgdhgf2n.jpeg?q=70",
          "query_url": "https://flipkart.dvishal485.workers.dev/product/poco-c31-royal-blue-64-gb/p/itm19effae969b86",
          "id": 22
        },
        {
          "name": "Infinix Smart 6 HD (Aqua Sky, 32 GB)",
          "brand": "Infinix",
          "current_price": 5799,
          "original_price": 8999,
          "rating": 4.5,
          "rating_count": 4321,
          "thumbnail": "https://rukminim1.flixcart.com/image/312/312/xif0q/mobile/c/o/z/-original-imaggvx8xndbbssj.jpeg?q=70",
          "query_url": "https://flipkart.dvishal485.workers.dev/product/infinix-smart-6-hd-aqua-sky-32-gb/p/itme9743e28b0cf7",
          "id": 23
        },
        {
          "name": "MOTOROLA g31 (Baby Blue, 64 GB)",
          "brand": "MOTOROLA",
          "current_price": 9499,
          "original_price": 13999,
          "rating": 3.9,
          "rating_count": 4312,
          "thumbnail": "https://rukminim1.flixcart.com/image/312/312/l1l1rww0/mobile/j/e/u/-original-imagd48zzrkcjfn2.jpeg?q=70",
          "query_url": "https://flipkart.dvishal485.workers.dev/product/motorola-g31-baby-blue-64-gb/p/itm79b9c53dd7e64",
          "id": 24
        },
        {
          "name": "Infinix HOT 20 Play (Fantasy Purple, 64 GB)",
          "brand": "Infinix",
          "current_price": 8199,
          "original_price": 11999,
          "rating": 1971,
          "rating_count": 4.4,
          "thumbnail": "https://rukminim1.flixcart.com/image/312/312/xif0q/mobile/a/p/r/-original-imagkgrxwg386pjk.jpeg?q=70",
          "query_url": "https://flipkart.dvishal485.workers.dev/product/infinix-hot-20-play-fantasy-purple-64-gb/p/itm1e6903eb0203e",
          "id": 25
        }
      ],
      
    "Jewellery": [
        {
          "id": 5,
          "title": "John Hardy Women's Legends Naga Gold & Silver Dragon Station Chain Bracelet",
          "price": 695,
          "description": "From our Legends Collection, the Naga was inspired by the mythical water dragon that protects the ocean's pearl. Wear facing inward to be bestowed with love and abundance, or outward for protection.",
          "category": "jewelery",
          "image": "https://fakestoreapi.com/img/71pWzhdJNwL._AC_UL640_QL65_ML3_.jpg",
          "rating": {
            "rate": 4.6,
            "count": 400
          }
        },
        {
          "id": 6,
          "title": "Solid Gold Petite Micropave ",
          "price": 168,
          "description": "Satisfaction Guaranteed. Return or exchange any order within 30 days.Designed and sold by Hafeez Center in the United States. Satisfaction Guaranteed. Return or exchange any order within 30 days.",
          "category": "jewelery",
          "image": "https://fakestoreapi.com/img/61sbMiUnoGL._AC_UL640_QL65_ML3_.jpg",
          "rating": {
            "rate": 3.9,
            "count": 70
          }
        },
        {
          "id": 7,
          "title": "White Gold Plated Princess",
          "price": 9.99,
          "description": "Classic Created Wedding Engagement Solitaire Diamond Promise Ring for Her. Gifts to spoil your love more for Engagement, Wedding, Anniversary, Valentine's Day...",
          "category": "jewelery",
          "image": "https://fakestoreapi.com/img/71YAIFU48IL._AC_UL640_QL65_ML3_.jpg",
          "rating": {
            "rate": 3,
            "count": 400
          }
        },
        {
          "id": 8,
          "title": "Pierced Owl Rose Gold Plated Stainless Steel Double",
          "price": 10.99,
          "description": "Rose Gold Plated Double Flared Tunnel Plug Earrings. Made of 316L Stainless Steel",
          "category": "jewelery",
          "image": "https://fakestoreapi.com/img/51UDEzMJVpL._AC_UL640_QL65_ML3_.jpg",
          "rating": {
            "rate": 1.9,
            "count": 100
          }
        }
      ],
      "Womens":[
        {
          "id": 15,
          "title": "BIYLACLESEN Women's 3-in-1 Snowboard Jacket Winter Coats",
          "price": 56.99,
          "description": "Note:The Jackets is US standard size, Please choose size as your usual wear Material: 100% Polyester; Detachable Liner Fabric: Warm Fleece. Detachable Functional Liner: Skin Friendly, Lightweigt and Warm.Stand Collar Liner jacket, keep you warm in cold weather. Zippered Pockets: 2 Zippered Hand Pockets, 2 Zippered Pockets on Chest (enough to keep cards or keys)and 1 Hidden Pocket Inside.Zippered Hand Pockets and Hidden Pocket keep your things secure. Humanized Design: Adjustable and Detachable Hood and Adjustable cuff to prevent the wind and water,for a comfortable fit. 3 in 1 Detachable Design provide more convenience, you can separate the coat and inner as needed, or wear it together. It is suitable for different season and help you adapt to different climates",
          "category": "women's clothing",
          "image": "https://fakestoreapi.com/img/51Y5NI-I5jL._AC_UX679_.jpg",
          "rating": {
            "rate": 2.6,
            "count": 235
          }
        },
        {
          "id": 16,
          "title": "Lock and Love Women's Removable Hooded Faux Leather Moto Biker Jacket",
          "price": 29.95,
          "description": "100% POLYURETHANE(shell) 100% POLYESTER(lining) 75% POLYESTER 25% COTTON (SWEATER), Faux leather material for style and comfort / 2 pockets of front, 2-For-One Hooded denim style faux leather jacket, Button detail on waist / Detail stitching at sides, HAND WASH ONLY / DO NOT BLEACH / LINE DRY / DO NOT IRON",
          "category": "women's clothing",
          "image": "https://fakestoreapi.com/img/81XH0e8fefL._AC_UY879_.jpg",
          "rating": {
            "rate": 2.9,
            "count": 340
          }
        },
        {
          "id": 17,
          "title": "Rain Jacket Women Windbreaker Striped Climbing Raincoats",
          "price": 39.99,
          "description": "Lightweight perfet for trip or casual wear---Long sleeve with hooded, adjustable drawstring waist design. Button and zipper front closure raincoat, fully stripes Lined and The Raincoat has 2 side pockets are a good size to hold all kinds of things, it covers the hips, and the hood is generous but doesn't overdo it.Attached Cotton Lined Hood with Adjustable Drawstrings give it a real styled look.",
          "category": "women's clothing",
          "image": "https://fakestoreapi.com/img/71HblAHs5xL._AC_UY879_-2.jpg",
          "rating": {
            "rate": 3.8,
            "count": 679
          }
        },
        {
          "id": 18,
          "title": "MBJ Women's Solid Short Sleeve Boat Neck V ",
          "price": 9.85,
          "description": "95% RAYON 5% SPANDEX, Made in USA or Imported, Do Not Bleach, Lightweight fabric with great stretch for comfort, Ribbed on sleeves and neckline / Double stitching on bottom hem",
          "category": "women's clothing",
          "image": "https://fakestoreapi.com/img/71z3kpMAYsL._AC_UY879_.jpg",
          "rating": {
            "rate": 4.7,
            "count": 130
          }
        },
        {
          "id": 19,
          "title": "Opna Women's Short Sleeve Moisture",
          "price": 7.95,
          "description": "100% Polyester, Machine wash, 100% cationic polyester interlock, Machine Wash & Pre Shrunk for a Great Fit, Lightweight, roomy and highly breathable with moisture wicking fabric which helps to keep moisture away, Soft Lightweight Fabric with comfortable V-neck collar and a slimmer fit, delivers a sleek, more feminine silhouette and Added Comfort",
          "category": "women's clothing",
          "image": "https://fakestoreapi.com/img/51eg55uWmdL._AC_UX679_.jpg",
          "rating": {
            "rate": 4.5,
            "count": 146
          }
        },
        {
          "id": 20,
          "title": "DANVOUY Womens T Shirt Casual Cotton Short",
          "price": 12.99,
          "description": "95%Cotton,5%Spandex, Features: Casual, Short Sleeve, Letter Print,V-Neck,Fashion Tees, The fabric is soft and has some stretch., Occasion: Casual/Office/Beach/School/Home/Street. Season: Spring,Summer,Autumn,Winter.",
          "category": "women's clothing",
          "image": "https://fakestoreapi.com/img/61pHAEJ4NML._AC_UX679_.jpg",
          "rating": {
            "rate": 3.6,
            "count": 145
          }
        }
      ],
      "Mens": [
        {
          "id": 1,
          "title": "Fjallraven - Foldsack No. 1 Backpack, Fits 15 Laptops",
          "price": 109.95,
          "description": "Your perfect pack for everyday use and walks in the forest. Stash your laptop (up to 15 inches) in the padded sleeve, your everyday",
          "category": "men's clothing",
          "image": "https://fakestoreapi.com/img/81fPKd-2AYL._AC_SL1500_.jpg",
          "rating": {
            "rate": 3.9,
            "count": 120
          }
        },
        {
          "id": 2,
          "title": "Mens Casual Premium Slim Fit T-Shirts ",
          "price": 22.3,
          "description": "Slim-fitting style, contrast raglan long sleeve, three-button henley placket, light weight & soft fabric for breathable and comfortable wearing. And Solid stitched shirts with round neck made for durability and a great fit for casual fashion wear and diehard baseball fans. The Henley style round neckline includes a three-button placket.",
          "category": "men's clothing",
          "image": "https://fakestoreapi.com/img/71-3HjGNDUL._AC_SY879._SX._UX._SY._UY_.jpg",
          "rating": {
            "rate": 4.1,
            "count": 259
          }
        },
        {
          "id": 3,
          "title": "Mens Cotton Jacket",
          "price": 55.99,
          "description": "great outerwear jackets for Spring/Autumn/Winter, suitable for many occasions, such as working, hiking, camping, mountain/rock climbing, cycling, traveling or other outdoors. Good gift choice for you or your family member. A warm hearted love to Father, husband or son in this thanksgiving or Christmas Day.",
          "category": "men's clothing",
          "image": "https://fakestoreapi.com/img/71li-ujtlUL._AC_UX679_.jpg",
          "rating": {
            "rate": 4.7,
            "count": 500
          }
        },
        {
          "id": 4,
          "title": "Mens Casual Slim Fit",
          "price": 15.99,
          "description": "The color could be slightly different between on the screen and in practice. / Please note that body builds vary by person, therefore, detailed size information should be reviewed below on the product description.",
          "category": "men's clothing",
          "image": "https://fakestoreapi.com/img/71YXzeOuslL._AC_UY879_.jpg",
          "rating": {
            "rate": 2.1,
            "count": 430
          }
        }
      ]
}